max distance,month
18.02916804,1
19.09070899,2
24.42420667,3
29.48818778,4
32.78861252,5
31.1649257,6
30.01274308,7
30.25589412,8
28.62684926,9
23.63583057,10
25.23832435,11
18.14742774,12
